{
  "train": [
    {
      "sequence_name": "train_night_0035",
      "stats": {
        "total_objects": 9044,
        "class_distribution": [
          3000,
          5061,
          367,
          546,
          0,
          70,
          0,
          0
        ],
        "area_stats": {
          "mean": 0.02082789238227621,
          "std": 0.036888252052994244,
          "min": 0.0018789986769358316,
          "max": 0.6007161458333333,
          "median": 0.008935455083847046
        },
        "size_distribution": {
          "small": 4958,
          "medium": 3210,
          "large": 876
        },
        "small_ratio": 0.5482087571870854,
        "confidence_stats": {
          "mean": 1.0,
          "min": 1.0
        },
        "sequence_name": "train_night_0035",
        "is_night": true,
        "day_type": "night"
      },
      "selection_score": 1.3394737632348315,
      "kl_divergence": 0.14284259795986368
    },
    {
      "sequence_name": "train_night_0043",
      "stats": {
        "total_objects": 5120,
        "class_distribution": [
          763,
          3752,
          164,
          74,
          139,
          228,
          0,
          0
        ],
        "area_stats": {
          "mean": 0.024492429858927307,
          "std": 0.040076126209266295,
          "min": 0.0010162990291913351,
          "max": 0.6134405517578125,
          "median": 0.01067393143971761
        },
        "size_distribution": {
          "small": 2432,
          "medium": 2011,
          "large": 677
        },
        "small_ratio": 0.475,
        "confidence_stats": {
          "mean": 1.0,
          "min": 1.0
        },
        "sequence_name": "train_night_0043",
        "is_night": true,
        "day_type": "night"
      },
      "selection_score": 1.280392973078728,
      "kl_divergence": 0.19346984893026498
    },
    {
      "sequence_name": "train_night_0027",
      "stats": {
        "total_objects": 4539,
        "class_distribution": [
          2321,
          1762,
          266,
          78,
          0,
          112,
          0,
          0
        ],
        "area_stats": {
          "mean": 0.047951823027156525,
          "std": 0.05974631829801777,
          "min": 0.001864204208056132,
          "max": 0.48197509765625,
          "median": 0.027998453776041668
        },
        "size_distribution": {
          "small": 1066,
          "medium": 1908,
          "large": 1565
        },
        "small_ratio": 0.23485349195858118,
        "confidence_stats": {
          "mean": 1.0,
          "min": 1.0
        },
        "sequence_name": "train_night_0027",
        "is_night": true,
        "day_type": "night"
      },
      "selection_score": 1.231909722771157,
      "kl_divergence": 0.13650095256265848
    },
    {
      "sequence_name": "train_day_0055",
      "stats": {
        "total_objects": 8461,
        "class_distribution": [
          1850,
          6174,
          210,
          133,
          37,
          57,
          0,
          0
        ],
        "area_stats": {
          "mean": 0.026690451524603132,
          "std": 0.03604004434143321,
          "min": 0.001315733293692271,
          "max": 0.33004051208496094,
          "median": 0.013003882567087809
        },
        "size_distribution": {
          "small": 3305,
          "medium": 3919,
          "large": 1237
        },
        "small_ratio": 0.3906157664578655,
        "confidence_stats": {
          "mean": 1.0,
          "min": 1.0
        },
        "sequence_name": "train_day_0055",
        "is_night": false,
        "day_type": "day"
      },
      "selection_score": 1.2029731793133842,
      "kl_divergence": 0.12893772853374796
    },
    {
      "sequence_name": "train_night_0036",
      "stats": {
        "total_objects": 6413,
        "class_distribution": [
          802,
          4916,
          82,
          515,
          0,
          98,
          0,
          0
        ],
        "area_stats": {
          "mean": 0.023578535447875866,
          "std": 0.04312468360509132,
          "min": 0.001925381620724996,
          "max": 0.5951743570963541,
          "median": 0.00987365961074829
        },
        "size_distribution": {
          "small": 3232,
          "medium": 2457,
          "large": 724
        },
        "small_ratio": 0.5039762981443942,
        "confidence_stats": {
          "mean": 1.0,
          "min": 1.0
        },
        "sequence_name": "train_night_0036",
        "is_night": true,
        "day_type": "night"
      },
      "selection_score": 1.1888118939711247,
      "kl_divergence": 0.35571344266022425
    },
    {
      "sequence_name": "train_day_0049",
      "stats": {
        "total_objects": 6723,
        "class_distribution": [
          1187,
          4821,
          133,
          230,
          163,
          189,
          0,
          0
        ],
        "area_stats": {
          "mean": 0.0324478060214924,
          "std": 0.05517577119140551,
          "min": 0.0006531306107838948,
          "max": 0.8419783020019531,
          "median": 0.015128841400146484
        },
        "size_distribution": {
          "small": 2203,
          "medium": 3368,
          "large": 1152
        },
        "small_ratio": 0.32768109474936785,
        "confidence_stats": {
          "mean": 1.0,
          "min": 1.0
        },
        "sequence_name": "train_day_0049",
        "is_night": false,
        "day_type": "day"
      },
      "selection_score": 1.163990185994017,
      "kl_divergence": 0.15515344423892916
    },
    {
      "sequence_name": "train_day_0050",
      "stats": {
        "total_objects": 5771,
        "class_distribution": [
          1080,
          3984,
          111,
          265,
          0,
          331,
          0,
          0
        ],
        "area_stats": {
          "mean": 0.02790102519678063,
          "std": 0.04926705338947974,
          "min": 0.0011466939250628153,
          "max": 0.6419831339518229,
          "median": 0.013236374060312906
        },
        "size_distribution": {
          "small": 2389,
          "medium": 2403,
          "large": 979
        },
        "small_ratio": 0.41396638364234967,
        "confidence_stats": {
          "mean": 1.0,
          "min": 1.0
        },
        "sequence_name": "train_day_0050",
        "is_night": false,
        "day_type": "day"
      },
      "selection_score": 1.1542130523121705,
      "kl_divergence": 0.20478569230003424
    },
    {
      "sequence_name": "train_night_0011",
      "stats": {
        "total_objects": 6764,
        "class_distribution": [
          2088,
          4447,
          103,
          0,
          0,
          126,
          0,
          0
        ],
        "area_stats": {
          "mean": 0.019508744054204986,
          "std": 0.024718910226488627,
          "min": 0.0014648649096488952,
          "max": 0.18641727447509765,
          "median": 0.010895065466562907
        },
        "size_distribution": {
          "small": 3197,
          "medium": 2963,
          "large": 604
        },
        "small_ratio": 0.4726493199290361,
        "confidence_stats": {
          "mean": 1.0,
          "min": 1.0
        },
        "sequence_name": "train_night_0011",
        "is_night": true,
        "day_type": "night"
      },
      "selection_score": 1.1541895212992828,
      "kl_divergence": 0.40371617651998787
    },
    {
      "sequence_name": "train_day_0031",
      "stats": {
        "total_objects": 5838,
        "class_distribution": [
          2096,
          2611,
          384,
          0,
          38,
          709,
          0,
          0
        ],
        "area_stats": {
          "mean": 0.021098469585023732,
          "std": 0.04007217327581918,
          "min": 0.0008295005559921264,
          "max": 0.40267796834309894,
          "median": 0.006333954334259033
        },
        "size_distribution": {
          "small": 3642,